step,loss
0,2.7871782779693604
20,2.2426552772521973
40,1.8713403940200806
60,1.5177342891693115
80,1.0866831541061401
100,0.9360818266868591
120,0.6885445713996887
140,0.7045971751213074
160,0.4964418411254883
180,0.5492925643920898
