step,loss
0,3.1849818229675293
20,2.578433036804199
40,2.401491641998291
60,2.0995707511901855
80,1.5611647367477417
100,0.8540484309196472
120,1.1275990009307861
140,0.8427769541740417
160,0.5159037113189697
180,0.7075789570808411
