step,train_loss,val_loss
0,3.0557351112365723,
20,2.4576239585876465,
40,2.0353732109069824,
60,1.5684174299240112,
80,1.2425603866577148,
100,1.0125353336334229,
120,0.8427333831787109,
140,0.6591652631759644,
160,0.5425776243209839,
180,0.4733101725578308,
